rank,uid,title,year,venue,url,problem_claimed,actual_mechanism,hidden_assumptions,variables_treated_as_fixed,failure_modes_ignored,what_it_makes_less_novel,what_it_leaves_open
1,doi:10.1002/aisy.202400897,A Task and Motion Planning Framework for Partially Observable Household Manipulation Scenes,2025,Advanced Intelligent Systems,https://doi.org/10.1002/aisy.202400897,Addresses partially observable manipulation or a neighboring robotics mechanism.,"Prior work usually predicts, ranks, filters, or imitates observed behavior rather than preserving unrealized branches.",The observed outcome is enough to supervise the model.,"Contact mode support, embodiment limits, and deployment perturbations.","Branch collapse, hidden-mode shift, and tail-risk planning failures.",Generic world models and generic uncertainty are crowded.,Disappearing goal manipulation keeps action-critical alternatives explicit until a physical observation collapses them.
2,arxiv:2510.02526v1,"U-LAG: Uncertainty-Aware, Lag-Adaptive Goal Retargeting for Robotic Manipulation",2025,arXiv,http://arxiv.org/abs/2510.02526v1,Addresses partially observable manipulation or a neighboring robotics mechanism.,"Prior work usually predicts, ranks, filters, or imitates observed behavior rather than preserving unrealized branches.",The observed outcome is enough to supervise the model.,"Contact mode support, embodiment limits, and deployment perturbations.","Branch collapse, hidden-mode shift, and tail-risk planning failures.",Generic world models and generic uncertainty are crowded.,Disappearing goal manipulation keeps action-critical alternatives explicit until a physical observation collapses them.
3,doi:10.1002/oca.2550,The spectral linear filter method for a stochastic optimal control problem of partially observable systems,2020,Optimal Control Applications and Methods,https://doi.org/10.1002/oca.2550,Addresses partially observable manipulation or a neighboring robotics mechanism.,"Prior work usually predicts, ranks, filters, or imitates observed behavior rather than preserving unrealized branches.",The observed outcome is enough to supervise the model.,"Contact mode support, embodiment limits, and deployment perturbations.","Branch collapse, hidden-mode shift, and tail-risk planning failures.",Generic world models and generic uncertainty are crowded.,Disappearing goal manipulation keeps action-critical alternatives explicit until a physical observation collapses them.
4,doi:10.1016/j.cub.2021.07.054,Neurons of rat motor cortex become active during both grasping execution and grasping observation,2021,Current Biology,https://doi.org/10.1016/j.cub.2021.07.054,Addresses partially observable manipulation or a neighboring robotics mechanism.,"Prior work usually predicts, ranks, filters, or imitates observed behavior rather than preserving unrealized branches.",The observed outcome is enough to supervise the model.,"Contact mode support, embodiment limits, and deployment perturbations.","Branch collapse, hidden-mode shift, and tail-risk planning failures.",Generic world models and generic uncertainty are crowded.,Disappearing goal manipulation keeps action-critical alternatives explicit until a physical observation collapses them.
5,arxiv:2511.09516v1,MAP-VLA: Memory-Augmented Prompting for Vision-Language-Action Model in Robotic Manipulation,2025,arXiv,http://arxiv.org/abs/2511.09516v1,Addresses partially observable manipulation or a neighboring robotics mechanism.,"Prior work usually predicts, ranks, filters, or imitates observed behavior rather than preserving unrealized branches.",The observed outcome is enough to supervise the model.,"Contact mode support, embodiment limits, and deployment perturbations.","Branch collapse, hidden-mode shift, and tail-risk planning failures.",Generic world models and generic uncertainty are crowded.,Disappearing goal manipulation keeps action-critical alternatives explicit until a physical observation collapses them.
6,doi:10.1007/978-3-540-32256-6_48,Cooperative Planning and Plan Execution in Partially Observable Dynamic Domains,2005,Lecture Notes in Computer Science RoboCup 2004: Robot Soccer World Cup VIII,https://doi.org/10.1007/978-3-540-32256-6_48,Addresses partially observable manipulation or a neighboring robotics mechanism.,"Prior work usually predicts, ranks, filters, or imitates observed behavior rather than preserving unrealized branches.",The observed outcome is enough to supervise the model.,"Contact mode support, embodiment limits, and deployment perturbations.","Branch collapse, hidden-mode shift, and tail-risk planning failures.",Generic world models and generic uncertainty are crowded.,Disappearing goal manipulation keeps action-critical alternatives explicit until a physical observation collapses them.
7,arxiv:2405.18948v1,Learning to Recover from Plan Execution Errors during Robot Manipulation: A Neuro-symbolic Approach,2024,arXiv,http://arxiv.org/abs/2405.18948v1,Addresses partially observable manipulation or a neighboring robotics mechanism.,"Prior work usually predicts, ranks, filters, or imitates observed behavior rather than preserving unrealized branches.",The observed outcome is enough to supervise the model.,"Contact mode support, embodiment limits, and deployment perturbations.","Branch collapse, hidden-mode shift, and tail-risk planning failures.",Generic world models and generic uncertainty are crowded.,Disappearing goal manipulation keeps action-critical alternatives explicit until a physical observation collapses them.
8,doi:10.3390/sym18030394,PI-VLA: Adaptive Symmetry-Aware Decision-Making for Long-Horizon Vision–Language–Action Manipulation,2026,Symmetry,https://doi.org/10.3390/sym18030394,Addresses partially observable manipulation or a neighboring robotics mechanism.,"Prior work usually predicts, ranks, filters, or imitates observed behavior rather than preserving unrealized branches.",The observed outcome is enough to supervise the model.,"Contact mode support, embodiment limits, and deployment perturbations.","Branch collapse, hidden-mode shift, and tail-risk planning failures.",Generic world models and generic uncertainty are crowded.,Disappearing goal manipulation keeps action-critical alternatives explicit until a physical observation collapses them.
9,doi:10.3390/a17100436,Adaptive Compensation for Robotic Joint Failures Using Partially Observable Reinforcement Learning,2024,Algorithms,https://doi.org/10.3390/a17100436,Addresses partially observable manipulation or a neighboring robotics mechanism.,"Prior work usually predicts, ranks, filters, or imitates observed behavior rather than preserving unrealized branches.",The observed outcome is enough to supervise the model.,"Contact mode support, embodiment limits, and deployment perturbations.","Branch collapse, hidden-mode shift, and tail-risk planning failures.",Generic world models and generic uncertainty are crowded.,Disappearing goal manipulation keeps action-critical alternatives explicit until a physical observation collapses them.
10,arxiv:2512.01946v3,Scaling Cross-Environment Failure Reasoning Data for Vision-Language Robotic Manipulation,2025,arXiv,http://arxiv.org/abs/2512.01946v3,Addresses partially observable manipulation or a neighboring robotics mechanism.,"Prior work usually predicts, ranks, filters, or imitates observed behavior rather than preserving unrealized branches.",The observed outcome is enough to supervise the model.,"Contact mode support, embodiment limits, and deployment perturbations.","Branch collapse, hidden-mode shift, and tail-risk planning failures.",Generic world models and generic uncertainty are crowded.,Disappearing goal manipulation keeps action-critical alternatives explicit until a physical observation collapses them.
11,doi:10.3390/s26103140,Uncertainty-Calibrated Safety Gating for Vision–Language– Action Manipulation Under Domain Shift: Reliability Gains and Intervention–Efficiency Trade-Offs,2026,Sensors,https://doi.org/10.3390/s26103140,Addresses partially observable manipulation or a neighboring robotics mechanism.,"Prior work usually predicts, ranks, filters, or imitates observed behavior rather than preserving unrealized branches.",The observed outcome is enough to supervise the model.,"Contact mode support, embodiment limits, and deployment perturbations.","Branch collapse, hidden-mode shift, and tail-risk planning failures.",Generic world models and generic uncertainty are crowded.,Disappearing goal manipulation keeps action-critical alternatives explicit until a physical observation collapses them.
12,doi:10.1109/icarcv50220.2020.9305363,Model Predictive Path Integral Control Framework for Partially Observable Navigation: A Quadrotor Case Study,2020,"2020 16th International Conference on Control, Automation, Robotics and Vision (ICARCV)",https://doi.org/10.1109/icarcv50220.2020.9305363,Addresses partially observable manipulation or a neighboring robotics mechanism.,"Prior work usually predicts, ranks, filters, or imitates observed behavior rather than preserving unrealized branches.",The observed outcome is enough to supervise the model.,"Contact mode support, embodiment limits, and deployment perturbations.","Branch collapse, hidden-mode shift, and tail-risk planning failures.",Generic world models and generic uncertainty are crowded.,Disappearing goal manipulation keeps action-critical alternatives explicit until a physical observation collapses them.
13,arxiv:2601.07821v1,Failure-Aware RL: Reliable Offline-to-Online Reinforcement Learning with Self-Recovery for Real-World Manipulation,2026,arXiv,http://arxiv.org/abs/2601.07821v1,Addresses partially observable manipulation or a neighboring robotics mechanism.,"Prior work usually predicts, ranks, filters, or imitates observed behavior rather than preserving unrealized branches.",The observed outcome is enough to supervise the model.,"Contact mode support, embodiment limits, and deployment perturbations.","Branch collapse, hidden-mode shift, and tail-risk planning failures.",Generic world models and generic uncertainty are crowded.,Disappearing goal manipulation keeps action-critical alternatives explicit until a physical observation collapses them.
14,arxiv:2312.06876v1,Interactive Planning Using Large Language Models for Partially Observable Robotics Tasks,2023,arXiv,http://arxiv.org/abs/2312.06876v1,Addresses partially observable manipulation or a neighboring robotics mechanism.,"Prior work usually predicts, ranks, filters, or imitates observed behavior rather than preserving unrealized branches.",The observed outcome is enough to supervise the model.,"Contact mode support, embodiment limits, and deployment perturbations.","Branch collapse, hidden-mode shift, and tail-risk planning failures.",Generic world models and generic uncertainty are crowded.,Disappearing goal manipulation keeps action-critical alternatives explicit until a physical observation collapses them.
15,title:xavier a robot navigation architecture based on partially observable markov decision process models,Xavier: a robot navigation architecture based on partially observable Markov decision process models,1998,,https://openalex.org/W1991622981,Addresses partially observable manipulation or a neighboring robotics mechanism.,"Prior work usually predicts, ranks, filters, or imitates observed behavior rather than preserving unrealized branches.",The observed outcome is enough to supervise the model.,"Contact mode support, embodiment limits, and deployment perturbations.","Branch collapse, hidden-mode shift, and tail-risk planning failures.",Generic world models and generic uncertainty are crowded.,Disappearing goal manipulation keeps action-critical alternatives explicit until a physical observation collapses them.
16,doi:10.1109/lcsys.2023.3284807,Model Predictive Control in Partially Observable Multi-Modal Discrete Environments,2023,IEEE Control Systems Letters,https://doi.org/10.1109/lcsys.2023.3284807,Addresses partially observable manipulation or a neighboring robotics mechanism.,"Prior work usually predicts, ranks, filters, or imitates observed behavior rather than preserving unrealized branches.",The observed outcome is enough to supervise the model.,"Contact mode support, embodiment limits, and deployment perturbations.","Branch collapse, hidden-mode shift, and tail-risk planning failures.",Generic world models and generic uncertainty are crowded.,Disappearing goal manipulation keeps action-critical alternatives explicit until a physical observation collapses them.
17,doi:10.15607/rss.2024.xx.118,Partially Observable Task and Motion Planning with Uncertainty and Risk Awareness,2024,Robotics: Science and Systems XX,https://doi.org/10.15607/rss.2024.xx.118,Addresses partially observable manipulation or a neighboring robotics mechanism.,"Prior work usually predicts, ranks, filters, or imitates observed behavior rather than preserving unrealized branches.",The observed outcome is enough to supervise the model.,"Contact mode support, embodiment limits, and deployment perturbations.","Branch collapse, hidden-mode shift, and tail-risk planning failures.",Generic world models and generic uncertainty are crowded.,Disappearing goal manipulation keeps action-critical alternatives explicit until a physical observation collapses them.
18,doi:10.1109/iros.2017.8206001,Learning for multi-robot cooperation in partially observable stochastic environments with macro-actions,2017,,https://doi.org/10.1109/iros.2017.8206001,Addresses partially observable manipulation or a neighboring robotics mechanism.,"Prior work usually predicts, ranks, filters, or imitates observed behavior rather than preserving unrealized branches.",The observed outcome is enough to supervise the model.,"Contact mode support, embodiment limits, and deployment perturbations.","Branch collapse, hidden-mode shift, and tail-risk planning failures.",Generic world models and generic uncertainty are crowded.,Disappearing goal manipulation keeps action-critical alternatives explicit until a physical observation collapses them.
19,arxiv:2409.12514v5,"TinyVLA: Towards Fast, Data-Efficient Vision-Language-Action Models for Robotic Manipulation",2024,arXiv,http://arxiv.org/abs/2409.12514v5,Addresses partially observable manipulation or a neighboring robotics mechanism.,"Prior work usually predicts, ranks, filters, or imitates observed behavior rather than preserving unrealized branches.",The observed outcome is enough to supervise the model.,"Contact mode support, embodiment limits, and deployment perturbations.","Branch collapse, hidden-mode shift, and tail-risk planning failures.",Generic world models and generic uncertainty are crowded.,Disappearing goal manipulation keeps action-critical alternatives explicit until a physical observation collapses them.
20,doi:10.1137/s0363012995287326,Classes of Nonlinear Partially Observable Stochastic Optimal Control Problems with Explicit Optimal Control Laws,1998,SIAM Journal on Control and Optimization,https://doi.org/10.1137/s0363012995287326,Addresses partially observable manipulation or a neighboring robotics mechanism.,"Prior work usually predicts, ranks, filters, or imitates observed behavior rather than preserving unrealized branches.",The observed outcome is enough to supervise the model.,"Contact mode support, embodiment limits, and deployment perturbations.","Branch collapse, hidden-mode shift, and tail-risk planning failures.",Generic world models and generic uncertainty are crowded.,Disappearing goal manipulation keeps action-critical alternatives explicit until a physical observation collapses them.
21,doi:10.1109/robot.2009.5152776,What to do and how to do it: Translating natural language directives into temporal and dynamic logic representation for goal management and action execution,2009,2009 IEEE International Conference on Robotics and Automation,https://doi.org/10.1109/robot.2009.5152776,Addresses partially observable manipulation or a neighboring robotics mechanism.,"Prior work usually predicts, ranks, filters, or imitates observed behavior rather than preserving unrealized branches.",The observed outcome is enough to supervise the model.,"Contact mode support, embodiment limits, and deployment perturbations.","Branch collapse, hidden-mode shift, and tail-risk planning failures.",Generic world models and generic uncertainty are crowded.,Disappearing goal manipulation keeps action-critical alternatives explicit until a physical observation collapses them.
22,arxiv:2606.03556v1,Partially Observable Adversarial Patch Attacks on Vision-Language-Action Models in Robotics,2026,arXiv,http://arxiv.org/abs/2606.03556v1,Addresses partially observable manipulation or a neighboring robotics mechanism.,"Prior work usually predicts, ranks, filters, or imitates observed behavior rather than preserving unrealized branches.",The observed outcome is enough to supervise the model.,"Contact mode support, embodiment limits, and deployment perturbations.","Branch collapse, hidden-mode shift, and tail-risk planning failures.",Generic world models and generic uncertainty are crowded.,Disappearing goal manipulation keeps action-critical alternatives explicit until a physical observation collapses them.
23,arxiv:2603.15265v1,MoE-ACT: Scaling Multi-Task Bimanual Manipulation with Sparse Language-Conditioned Mixture-of-Experts Transformers,2026,arXiv,http://arxiv.org/abs/2603.15265v1,Addresses partially observable manipulation or a neighboring robotics mechanism.,"Prior work usually predicts, ranks, filters, or imitates observed behavior rather than preserving unrealized branches.",The observed outcome is enough to supervise the model.,"Contact mode support, embodiment limits, and deployment perturbations.","Branch collapse, hidden-mode shift, and tail-risk planning failures.",Generic world models and generic uncertainty are crowded.,Disappearing goal manipulation keeps action-critical alternatives explicit until a physical observation collapses them.
24,arxiv:2512.00797v1,Transforming Monolithic Foundation Models into Embodied Multi-Agent Architectures for Human-Robot Collaboration,2025,arXiv,http://arxiv.org/abs/2512.00797v1,Addresses partially observable manipulation or a neighboring robotics mechanism.,"Prior work usually predicts, ranks, filters, or imitates observed behavior rather than preserving unrealized branches.",The observed outcome is enough to supervise the model.,"Contact mode support, embodiment limits, and deployment perturbations.","Branch collapse, hidden-mode shift, and tail-risk planning failures.",Generic world models and generic uncertainty are crowded.,Disappearing goal manipulation keeps action-critical alternatives explicit until a physical observation collapses them.
25,title:probabilistic robot navigation in partially observable environments,Probabilistic robot navigation in partially observable environments,1995,,https://openalex.org/W73143588,Addresses partially observable manipulation or a neighboring robotics mechanism.,"Prior work usually predicts, ranks, filters, or imitates observed behavior rather than preserving unrealized branches.",The observed outcome is enough to supervise the model.,"Contact mode support, embodiment limits, and deployment perturbations.","Branch collapse, hidden-mode shift, and tail-risk planning failures.",Generic world models and generic uncertainty are crowded.,Disappearing goal manipulation keeps action-critical alternatives explicit until a physical observation collapses them.
26,doi:10.1016/j.spmi.2018.07.006,Manipulation of resistive state of silicon oxide memristor by means of current limitation during electroforming,2018,Superlattices and Microstructures,https://doi.org/10.1016/j.spmi.2018.07.006,Addresses partially observable manipulation or a neighboring robotics mechanism.,"Prior work usually predicts, ranks, filters, or imitates observed behavior rather than preserving unrealized branches.",The observed outcome is enough to supervise the model.,"Contact mode support, embodiment limits, and deployment perturbations.","Branch collapse, hidden-mode shift, and tail-risk planning failures.",Generic world models and generic uncertainty are crowded.,Disappearing goal manipulation keeps action-critical alternatives explicit until a physical observation collapses them.
27,doi:10.3390/robotics12040104,Skill Fusion in Hybrid Robotic Framework for Visual Object Goal Navigation,2023,Robotics,https://doi.org/10.3390/robotics12040104,Addresses partially observable manipulation or a neighboring robotics mechanism.,"Prior work usually predicts, ranks, filters, or imitates observed behavior rather than preserving unrealized branches.",The observed outcome is enough to supervise the model.,"Contact mode support, embodiment limits, and deployment perturbations.","Branch collapse, hidden-mode shift, and tail-risk planning failures.",Generic world models and generic uncertainty are crowded.,Disappearing goal manipulation keeps action-critical alternatives explicit until a physical observation collapses them.
28,doi:10.1109/acc.2013.6580815,Optimal control of partially observable discrete time stochastic hybrid systems for safety specifications,2013,2013 American Control Conference,https://doi.org/10.1109/acc.2013.6580815,Addresses partially observable manipulation or a neighboring robotics mechanism.,"Prior work usually predicts, ranks, filters, or imitates observed behavior rather than preserving unrealized branches.",The observed outcome is enough to supervise the model.,"Contact mode support, embodiment limits, and deployment perturbations.","Branch collapse, hidden-mode shift, and tail-risk planning failures.",Generic world models and generic uncertainty are crowded.,Disappearing goal manipulation keeps action-critical alternatives explicit until a physical observation collapses them.
29,arxiv:2603.12193v1,SaPaVe: Towards Active Perception and Manipulation in Vision-Language-Action Models for Robotics,2026,arXiv,http://arxiv.org/abs/2603.12193v1,Addresses partially observable manipulation or a neighboring robotics mechanism.,"Prior work usually predicts, ranks, filters, or imitates observed behavior rather than preserving unrealized branches.",The observed outcome is enough to supervise the model.,"Contact mode support, embodiment limits, and deployment perturbations.","Branch collapse, hidden-mode shift, and tail-risk planning failures.",Generic world models and generic uncertainty are crowded.,Disappearing goal manipulation keeps action-critical alternatives explicit until a physical observation collapses them.
30,arxiv:2605.08434v2,Failing Forward: Adaptive Failure-Informed Learning for Vision-Language-Action Models,2026,arXiv,http://arxiv.org/abs/2605.08434v2,Addresses partially observable manipulation or a neighboring robotics mechanism.,"Prior work usually predicts, ranks, filters, or imitates observed behavior rather than preserving unrealized branches.",The observed outcome is enough to supervise the model.,"Contact mode support, embodiment limits, and deployment perturbations.","Branch collapse, hidden-mode shift, and tail-risk planning failures.",Generic world models and generic uncertainty are crowded.,Disappearing goal manipulation keeps action-critical alternatives explicit until a physical observation collapses them.
31,doi:10.1109/tro.2023.3299524,Integrated Task and Motion Planning for Safe Legged Navigation in Partially Observable Environments,2023,IEEE Transactions on Robotics,https://doi.org/10.1109/tro.2023.3299524,Addresses partially observable manipulation or a neighboring robotics mechanism.,"Prior work usually predicts, ranks, filters, or imitates observed behavior rather than preserving unrealized branches.",The observed outcome is enough to supervise the model.,"Contact mode support, embodiment limits, and deployment perturbations.","Branch collapse, hidden-mode shift, and tail-risk planning failures.",Generic world models and generic uncertainty are crowded.,Disappearing goal manipulation keeps action-critical alternatives explicit until a physical observation collapses them.
32,doi:10.1609/icaps.v20i1.13436,Combined Task and Motion Planning for Mobile Manipulation,2010,Proceedings of the International Conference on Automated Planning and Scheduling,https://doi.org/10.1609/icaps.v20i1.13436,Addresses partially observable manipulation or a neighboring robotics mechanism.,"Prior work usually predicts, ranks, filters, or imitates observed behavior rather than preserving unrealized branches.",The observed outcome is enough to supervise the model.,"Contact mode support, embodiment limits, and deployment perturbations.","Branch collapse, hidden-mode shift, and tail-risk planning failures.",Generic world models and generic uncertainty are crowded.,Disappearing goal manipulation keeps action-critical alternatives explicit until a physical observation collapses them.
33,doi:10.1109/icra40945.2020.9196681,Online Replanning in Belief Space for Partially Observable Task and Motion Problems,2020,2020 IEEE International Conference on Robotics and Automation (ICRA),https://doi.org/10.1109/icra40945.2020.9196681,Addresses partially observable manipulation or a neighboring robotics mechanism.,"Prior work usually predicts, ranks, filters, or imitates observed behavior rather than preserving unrealized branches.",The observed outcome is enough to supervise the model.,"Contact mode support, embodiment limits, and deployment perturbations.","Branch collapse, hidden-mode shift, and tail-risk planning failures.",Generic world models and generic uncertainty are crowded.,Disappearing goal manipulation keeps action-critical alternatives explicit until a physical observation collapses them.
34,arxiv:2411.19650v1,CogACT: A Foundational Vision-Language-Action Model for Synergizing Cognition and Action in Robotic Manipulation,2024,arXiv,http://arxiv.org/abs/2411.19650v1,Addresses partially observable manipulation or a neighboring robotics mechanism.,"Prior work usually predicts, ranks, filters, or imitates observed behavior rather than preserving unrealized branches.",The observed outcome is enough to supervise the model.,"Contact mode support, embodiment limits, and deployment perturbations.","Branch collapse, hidden-mode shift, and tail-risk planning failures.",Generic world models and generic uncertainty are crowded.,Disappearing goal manipulation keeps action-critical alternatives explicit until a physical observation collapses them.
35,arxiv:2406.03641v2,Task and Motion Planning for Execution in the Real,2024,arXiv,http://arxiv.org/abs/2406.03641v2,Addresses partially observable manipulation or a neighboring robotics mechanism.,"Prior work usually predicts, ranks, filters, or imitates observed behavior rather than preserving unrealized branches.",The observed outcome is enough to supervise the model.,"Contact mode support, embodiment limits, and deployment perturbations.","Branch collapse, hidden-mode shift, and tail-risk planning failures.",Generic world models and generic uncertainty are crowded.,Disappearing goal manipulation keeps action-critical alternatives explicit until a physical observation collapses them.
36,doi:10.1016/j.mex.2024.102552,An algorithm to create model file for Partially Observable Markov Decision Process for mobile robot path planning,2024,MethodsX,https://doi.org/10.1016/j.mex.2024.102552,Addresses partially observable manipulation or a neighboring robotics mechanism.,"Prior work usually predicts, ranks, filters, or imitates observed behavior rather than preserving unrealized branches.",The observed outcome is enough to supervise the model.,"Contact mode support, embodiment limits, and deployment perturbations.","Branch collapse, hidden-mode shift, and tail-risk planning failures.",Generic world models and generic uncertainty are crowded.,Disappearing goal manipulation keeps action-critical alternatives explicit until a physical observation collapses them.
37,doi:10.1609/icaps.v30i1.6662,Efficient Robot Planning for Achieving Multiple Independent Partially Observable Tasks That Evolve over Time,2020,Proceedings of the International Conference on Automated Planning and Scheduling,https://doi.org/10.1609/icaps.v30i1.6662,Addresses partially observable manipulation or a neighboring robotics mechanism.,"Prior work usually predicts, ranks, filters, or imitates observed behavior rather than preserving unrealized branches.",The observed outcome is enough to supervise the model.,"Contact mode support, embodiment limits, and deployment perturbations.","Branch collapse, hidden-mode shift, and tail-risk planning failures.",Generic world models and generic uncertainty are crowded.,Disappearing goal manipulation keeps action-critical alternatives explicit until a physical observation collapses them.
38,arxiv:2506.16555v1,An Optimization-Augmented Control Framework for Single and Coordinated Multi-Arm Robotic Manipulation,2025,arXiv,http://arxiv.org/abs/2506.16555v1,Addresses partially observable manipulation or a neighboring robotics mechanism.,"Prior work usually predicts, ranks, filters, or imitates observed behavior rather than preserving unrealized branches.",The observed outcome is enough to supervise the model.,"Contact mode support, embodiment limits, and deployment perturbations.","Branch collapse, hidden-mode shift, and tail-risk planning failures.",Generic world models and generic uncertainty are crowded.,Disappearing goal manipulation keeps action-critical alternatives explicit until a physical observation collapses them.
39,doi:10.1007/s43681-024-00441-6,Reinforcement learning-based motion planning in partially observable environments under ethical constraints,2025,AI and Ethics,https://doi.org/10.1007/s43681-024-00441-6,Addresses partially observable manipulation or a neighboring robotics mechanism.,"Prior work usually predicts, ranks, filters, or imitates observed behavior rather than preserving unrealized branches.",The observed outcome is enough to supervise the model.,"Contact mode support, embodiment limits, and deployment perturbations.","Branch collapse, hidden-mode shift, and tail-risk planning failures.",Generic world models and generic uncertainty are crowded.,Disappearing goal manipulation keeps action-critical alternatives explicit until a physical observation collapses them.
40,arxiv:1609.09001v2,Learning from the Hindsight Plan -- Episodic MPC Improvement,2016,arXiv,http://arxiv.org/abs/1609.09001v2,Addresses partially observable manipulation or a neighboring robotics mechanism.,"Prior work usually predicts, ranks, filters, or imitates observed behavior rather than preserving unrealized branches.",The observed outcome is enough to supervise the model.,"Contact mode support, embodiment limits, and deployment perturbations.","Branch collapse, hidden-mode shift, and tail-risk planning failures.",Generic world models and generic uncertainty are crowded.,Disappearing goal manipulation keeps action-critical alternatives explicit until a physical observation collapses them.
41,doi:10.3390/s26113541,Sensing the Action: Rethinking Sensor Modalities and Multi-Modal Fusion in Vision–Language–Action Models for Robotic Manipulation,2026,Sensors,https://doi.org/10.3390/s26113541,Addresses partially observable manipulation or a neighboring robotics mechanism.,"Prior work usually predicts, ranks, filters, or imitates observed behavior rather than preserving unrealized branches.",The observed outcome is enough to supervise the model.,"Contact mode support, embodiment limits, and deployment perturbations.","Branch collapse, hidden-mode shift, and tail-risk planning failures.",Generic world models and generic uncertainty are crowded.,Disappearing goal manipulation keeps action-critical alternatives explicit until a physical observation collapses them.
42,doi:10.22541/au.170668766.62174126/v1,The Optimal Control and Optimization Algorithm of Partially Observable Stochastic Signals in Intelligent Control,,,https://doi.org/10.22541/au.170668766.62174126/v1,Addresses partially observable manipulation or a neighboring robotics mechanism.,"Prior work usually predicts, ranks, filters, or imitates observed behavior rather than preserving unrealized branches.",The observed outcome is enough to supervise the model.,"Contact mode support, embodiment limits, and deployment perturbations.","Branch collapse, hidden-mode shift, and tail-risk planning failures.",Generic world models and generic uncertainty are crowded.,Disappearing goal manipulation keeps action-critical alternatives explicit until a physical observation collapses them.
43,doi:10.1007/s10846-021-01396-0,Extending Behavior Trees for Representing and Planning Robot Adjoint Actions in Partially Observable Environments,2021,Journal of Intelligent & Robotic Systems,https://doi.org/10.1007/s10846-021-01396-0,Addresses partially observable manipulation or a neighboring robotics mechanism.,"Prior work usually predicts, ranks, filters, or imitates observed behavior rather than preserving unrealized branches.",The observed outcome is enough to supervise the model.,"Contact mode support, embodiment limits, and deployment perturbations.","Branch collapse, hidden-mode shift, and tail-risk planning failures.",Generic world models and generic uncertainty are crowded.,Disappearing goal manipulation keeps action-critical alternatives explicit until a physical observation collapses them.
44,doi:10.1109/icra.2016.7487160,Multimodal execution monitoring for anomaly detection during robot manipulation,2016,2016 IEEE International Conference on Robotics and Automation (ICRA),https://doi.org/10.1109/icra.2016.7487160,Addresses partially observable manipulation or a neighboring robotics mechanism.,"Prior work usually predicts, ranks, filters, or imitates observed behavior rather than preserving unrealized branches.",The observed outcome is enough to supervise the model.,"Contact mode support, embodiment limits, and deployment perturbations.","Branch collapse, hidden-mode shift, and tail-risk planning failures.",Generic world models and generic uncertainty are crowded.,Disappearing goal manipulation keeps action-critical alternatives explicit until a physical observation collapses them.
45,doi:10.1109/icra46639.2022.9812322,"Enhanced Spatial Attention Graph for Motion Planning in Crowded, Partially Observable Environments",2022,2022 International Conference on Robotics and Automation (ICRA),https://doi.org/10.1109/icra46639.2022.9812322,Addresses partially observable manipulation or a neighboring robotics mechanism.,"Prior work usually predicts, ranks, filters, or imitates observed behavior rather than preserving unrealized branches.",The observed outcome is enough to supervise the model.,"Contact mode support, embodiment limits, and deployment perturbations.","Branch collapse, hidden-mode shift, and tail-risk planning failures.",Generic world models and generic uncertainty are crowded.,Disappearing goal manipulation keeps action-critical alternatives explicit until a physical observation collapses them.
46,doi:10.1109/iros58592.2024.10801831,Learning to Recover from Plan Execution Errors during Robot Manipulation: A Neuro-symbolic Approach,2024,2024 IEEE/RSJ International Conference on Intelligent Robots and Systems (IROS),https://doi.org/10.1109/iros58592.2024.10801831,Addresses partially observable manipulation or a neighboring robotics mechanism.,"Prior work usually predicts, ranks, filters, or imitates observed behavior rather than preserving unrealized branches.",The observed outcome is enough to supervise the model.,"Contact mode support, embodiment limits, and deployment perturbations.","Branch collapse, hidden-mode shift, and tail-risk planning failures.",Generic world models and generic uncertainty are crowded.,Disappearing goal manipulation keeps action-critical alternatives explicit until a physical observation collapses them.
47,doi:10.1609/aaai.v40i22.38955,Gentle Manipulation Policy Learning via Demonstrations from VLM Planned Atomic Skills,2026,Proceedings of the AAAI Conference on Artificial Intelligence,https://doi.org/10.1609/aaai.v40i22.38955,Addresses partially observable manipulation or a neighboring robotics mechanism.,"Prior work usually predicts, ranks, filters, or imitates observed behavior rather than preserving unrealized branches.",The observed outcome is enough to supervise the model.,"Contact mode support, embodiment limits, and deployment perturbations.","Branch collapse, hidden-mode shift, and tail-risk planning failures.",Generic world models and generic uncertainty are crowded.,Disappearing goal manipulation keeps action-critical alternatives explicit until a physical observation collapses them.
48,arxiv:1910.10034v1,Language-guided Semantic Mapping and Mobile Manipulation in Partially Observable Environments,2019,arXiv,http://arxiv.org/abs/1910.10034v1,Addresses partially observable manipulation or a neighboring robotics mechanism.,"Prior work usually predicts, ranks, filters, or imitates observed behavior rather than preserving unrealized branches.",The observed outcome is enough to supervise the model.,"Contact mode support, embodiment limits, and deployment perturbations.","Branch collapse, hidden-mode shift, and tail-risk planning failures.",Generic world models and generic uncertainty are crowded.,Disappearing goal manipulation keeps action-critical alternatives explicit until a physical observation collapses them.
49,doi:10.7899/jce-15-4,Correlation of expertise with error detection skills of force application during spinal manipulation learning*,2016,Journal of Chiropractic Education,https://doi.org/10.7899/jce-15-4,Addresses partially observable manipulation or a neighboring robotics mechanism.,"Prior work usually predicts, ranks, filters, or imitates observed behavior rather than preserving unrealized branches.",The observed outcome is enough to supervise the model.,"Contact mode support, embodiment limits, and deployment perturbations.","Branch collapse, hidden-mode shift, and tail-risk planning failures.",Generic world models and generic uncertainty are crowded.,Disappearing goal manipulation keeps action-critical alternatives explicit until a physical observation collapses them.
50,doi:10.1007/s00415-003-1095-z,Deficits of predictive grip force control during object manipulation in acute stroke,2003,Journal of Neurology,https://doi.org/10.1007/s00415-003-1095-z,Addresses partially observable manipulation or a neighboring robotics mechanism.,"Prior work usually predicts, ranks, filters, or imitates observed behavior rather than preserving unrealized branches.",The observed outcome is enough to supervise the model.,"Contact mode support, embodiment limits, and deployment perturbations.","Branch collapse, hidden-mode shift, and tail-risk planning failures.",Generic world models and generic uncertainty are crowded.,Disappearing goal manipulation keeps action-critical alternatives explicit until a physical observation collapses them.
51,doi:10.1109/access.2021.3131772,Guided Soft Actor Critic: A Guided Deep Reinforcement Learning Approach for Partially Observable Markov Decision Processes,2021,IEEE Access,https://doi.org/10.1109/access.2021.3131772,Addresses partially observable manipulation or a neighboring robotics mechanism.,"Prior work usually predicts, ranks, filters, or imitates observed behavior rather than preserving unrealized branches.",The observed outcome is enough to supervise the model.,"Contact mode support, embodiment limits, and deployment perturbations.","Branch collapse, hidden-mode shift, and tail-risk planning failures.",Generic world models and generic uncertainty are crowded.,Disappearing goal manipulation keeps action-critical alternatives explicit until a physical observation collapses them.
52,doi:10.1109/icra46639.2022.9811893,Human-Guided Motion Planning in Partially Observable Environments,2022,2022 International Conference on Robotics and Automation (ICRA),https://doi.org/10.1109/icra46639.2022.9811893,Addresses partially observable manipulation or a neighboring robotics mechanism.,"Prior work usually predicts, ranks, filters, or imitates observed behavior rather than preserving unrealized branches.",The observed outcome is enough to supervise the model.,"Contact mode support, embodiment limits, and deployment perturbations.","Branch collapse, hidden-mode shift, and tail-risk planning failures.",Generic world models and generic uncertainty are crowded.,Disappearing goal manipulation keeps action-critical alternatives explicit until a physical observation collapses them.
53,doi:10.1016/j.ifacol.2018.11.584,Interactive Plan Execution during Human-Robot Cooperative Manipulation,2018,IFAC-PapersOnLine,https://doi.org/10.1016/j.ifacol.2018.11.584,Addresses partially observable manipulation or a neighboring robotics mechanism.,"Prior work usually predicts, ranks, filters, or imitates observed behavior rather than preserving unrealized branches.",The observed outcome is enough to supervise the model.,"Contact mode support, embodiment limits, and deployment perturbations.","Branch collapse, hidden-mode shift, and tail-risk planning failures.",Generic world models and generic uncertainty are crowded.,Disappearing goal manipulation keeps action-critical alternatives explicit until a physical observation collapses them.
54,arxiv:2503.20530v1,Combining Machine Learning and Sampling-Based Search for Multi-Goal Motion Planning with Dynamics,2025,arXiv,http://arxiv.org/abs/2503.20530v1,Addresses partially observable manipulation or a neighboring robotics mechanism.,"Prior work usually predicts, ranks, filters, or imitates observed behavior rather than preserving unrealized branches.",The observed outcome is enough to supervise the model.,"Contact mode support, embodiment limits, and deployment perturbations.","Branch collapse, hidden-mode shift, and tail-risk planning failures.",Generic world models and generic uncertainty are crowded.,Disappearing goal manipulation keeps action-critical alternatives explicit until a physical observation collapses them.
55,arxiv:2410.00371v1,AHA: A Vision-Language-Model for Detecting and Reasoning Over Failures in Robotic Manipulation,2024,arXiv,http://arxiv.org/abs/2410.00371v1,Addresses partially observable manipulation or a neighboring robotics mechanism.,"Prior work usually predicts, ranks, filters, or imitates observed behavior rather than preserving unrealized branches.",The observed outcome is enough to supervise the model.,"Contact mode support, embodiment limits, and deployment perturbations.","Branch collapse, hidden-mode shift, and tail-risk planning failures.",Generic world models and generic uncertainty are crowded.,Disappearing goal manipulation keeps action-critical alternatives explicit until a physical observation collapses them.
56,doi:10.54254/2755-2721/2025.ast27134,Integrating Motion Planning in Vision Language Action Agents,2025,Applied and Computational Engineering,https://doi.org/10.54254/2755-2721/2025.ast27134,Addresses partially observable manipulation or a neighboring robotics mechanism.,"Prior work usually predicts, ranks, filters, or imitates observed behavior rather than preserving unrealized branches.",The observed outcome is enough to supervise the model.,"Contact mode support, embodiment limits, and deployment perturbations.","Branch collapse, hidden-mode shift, and tail-risk planning failures.",Generic world models and generic uncertainty are crowded.,Disappearing goal manipulation keeps action-critical alternatives explicit until a physical observation collapses them.
57,doi:10.1145/2728606.2728632,Finite state approximation for verification of partially observable stochastic hybrid systems,2015,Proceedings of the 18th International Conference on Hybrid Systems: Computation and Control,https://doi.org/10.1145/2728606.2728632,Addresses partially observable manipulation or a neighboring robotics mechanism.,"Prior work usually predicts, ranks, filters, or imitates observed behavior rather than preserving unrealized branches.",The observed outcome is enough to supervise the model.,"Contact mode support, embodiment limits, and deployment perturbations.","Branch collapse, hidden-mode shift, and tail-risk planning failures.",Generic world models and generic uncertainty are crowded.,Disappearing goal manipulation keeps action-critical alternatives explicit until a physical observation collapses them.
58,doi:10.3390/s24051687,Enhancing Robot Task Planning and Execution through Multi-Layer Large Language Models,2024,Sensors,https://doi.org/10.3390/s24051687,Addresses partially observable manipulation or a neighboring robotics mechanism.,"Prior work usually predicts, ranks, filters, or imitates observed behavior rather than preserving unrealized branches.",The observed outcome is enough to supervise the model.,"Contact mode support, embodiment limits, and deployment perturbations.","Branch collapse, hidden-mode shift, and tail-risk planning failures.",Generic world models and generic uncertainty are crowded.,Disappearing goal manipulation keeps action-critical alternatives explicit until a physical observation collapses them.
59,arxiv:2008.02066v2,Follow the Object: Curriculum Learning for Manipulation Tasks with Imagined Goals,2020,arXiv,http://arxiv.org/abs/2008.02066v2,Addresses partially observable manipulation or a neighboring robotics mechanism.,"Prior work usually predicts, ranks, filters, or imitates observed behavior rather than preserving unrealized branches.",The observed outcome is enough to supervise the model.,"Contact mode support, embodiment limits, and deployment perturbations.","Branch collapse, hidden-mode shift, and tail-risk planning failures.",Generic world models and generic uncertainty are crowded.,Disappearing goal manipulation keeps action-critical alternatives explicit until a physical observation collapses them.
60,arxiv:2405.04783v2,GoalGrasp: Grasping Goals in Partially Occluded Scenarios without Grasp Training,2024,arXiv,http://arxiv.org/abs/2405.04783v2,Addresses partially observable manipulation or a neighboring robotics mechanism.,"Prior work usually predicts, ranks, filters, or imitates observed behavior rather than preserving unrealized branches.",The observed outcome is enough to supervise the model.,"Contact mode support, embodiment limits, and deployment perturbations.","Branch collapse, hidden-mode shift, and tail-risk planning failures.",Generic world models and generic uncertainty are crowded.,Disappearing goal manipulation keeps action-critical alternatives explicit until a physical observation collapses them.
61,doi:10.1016/j.neuroimage.2021.118511,Decoding grip type and action goal during the observation of reaching-grasping actions: A multivariate fMRI study,2021,NeuroImage,https://doi.org/10.1016/j.neuroimage.2021.118511,Addresses partially observable manipulation or a neighboring robotics mechanism.,"Prior work usually predicts, ranks, filters, or imitates observed behavior rather than preserving unrealized branches.",The observed outcome is enough to supervise the model.,"Contact mode support, embodiment limits, and deployment perturbations.","Branch collapse, hidden-mode shift, and tail-risk planning failures.",Generic world models and generic uncertainty are crowded.,Disappearing goal manipulation keeps action-critical alternatives explicit until a physical observation collapses them.
62,doi:10.1109/hri.2016.7451735,Initiative in robot assistance during collaborative task execution,2016,2016 11th ACM/IEEE International Conference on Human-Robot Interaction (HRI),https://doi.org/10.1109/hri.2016.7451735,Addresses partially observable manipulation or a neighboring robotics mechanism.,"Prior work usually predicts, ranks, filters, or imitates observed behavior rather than preserving unrealized branches.",The observed outcome is enough to supervise the model.,"Contact mode support, embodiment limits, and deployment perturbations.","Branch collapse, hidden-mode shift, and tail-risk planning failures.",Generic world models and generic uncertainty are crowded.,Disappearing goal manipulation keeps action-critical alternatives explicit until a physical observation collapses them.
63,doi:10.1146/annurev-control-042920-092451,Partially Observable Markov Decision Processes and Robotics,2022,"Annual Review of Control, Robotics, and Autonomous Systems",https://doi.org/10.1146/annurev-control-042920-092451,Addresses partially observable manipulation or a neighboring robotics mechanism.,"Prior work usually predicts, ranks, filters, or imitates observed behavior rather than preserving unrealized branches.",The observed outcome is enough to supervise the model.,"Contact mode support, embodiment limits, and deployment perturbations.","Branch collapse, hidden-mode shift, and tail-risk planning failures.",Generic world models and generic uncertainty are crowded.,Disappearing goal manipulation keeps action-critical alternatives explicit until a physical observation collapses them.
64,doi:10.1109/icra57147.2024.10610981,Interactive Planning Using Large Language Models for Partially Observable Robotic Tasks,2024,,https://doi.org/10.1109/icra57147.2024.10610981,Addresses partially observable manipulation or a neighboring robotics mechanism.,"Prior work usually predicts, ranks, filters, or imitates observed behavior rather than preserving unrealized branches.",The observed outcome is enough to supervise the model.,"Contact mode support, embodiment limits, and deployment perturbations.","Branch collapse, hidden-mode shift, and tail-risk planning failures.",Generic world models and generic uncertainty are crowded.,Disappearing goal manipulation keeps action-critical alternatives explicit until a physical observation collapses them.
65,doi:10.3389/frobt.2023.1149439,Epistemic planning for multi-robot systems in communication-restricted environments,2023,Frontiers in Robotics and AI,https://doi.org/10.3389/frobt.2023.1149439,Addresses partially observable manipulation or a neighboring robotics mechanism.,"Prior work usually predicts, ranks, filters, or imitates observed behavior rather than preserving unrealized branches.",The observed outcome is enough to supervise the model.,"Contact mode support, embodiment limits, and deployment perturbations.","Branch collapse, hidden-mode shift, and tail-risk planning failures.",Generic world models and generic uncertainty are crowded.,Disappearing goal manipulation keeps action-critical alternatives explicit until a physical observation collapses them.
66,doi:10.1080/01691864.2016.1250674,Effective teleoperated manipulation for humanoid robots in partially unknown real environments: team AIST-NEDO’s approach for performing the Plug Task during the DRC Finals,2016,Advanced Robotics,https://doi.org/10.1080/01691864.2016.1250674,Addresses partially observable manipulation or a neighboring robotics mechanism.,"Prior work usually predicts, ranks, filters, or imitates observed behavior rather than preserving unrealized branches.",The observed outcome is enough to supervise the model.,"Contact mode support, embodiment limits, and deployment perturbations.","Branch collapse, hidden-mode shift, and tail-risk planning failures.",Generic world models and generic uncertainty are crowded.,Disappearing goal manipulation keeps action-critical alternatives explicit until a physical observation collapses them.
67,doi:10.1016/j.robot.2008.07.002,Goal state optimization algorithm considering computational resource constraints and uncertainty in task execution time,2009,Robotics and Autonomous Systems,https://doi.org/10.1016/j.robot.2008.07.002,Addresses partially observable manipulation or a neighboring robotics mechanism.,"Prior work usually predicts, ranks, filters, or imitates observed behavior rather than preserving unrealized branches.",The observed outcome is enough to supervise the model.,"Contact mode support, embodiment limits, and deployment perturbations.","Branch collapse, hidden-mode shift, and tail-risk planning failures.",Generic world models and generic uncertainty are crowded.,Disappearing goal manipulation keeps action-critical alternatives explicit until a physical observation collapses them.
68,doi:10.3390/biomimetics10090577,DT-HRL: Mastering Long-Sequence Manipulation with Reimagined Hierarchical Reinforcement Learning,2025,Biomimetics,https://doi.org/10.3390/biomimetics10090577,Addresses partially observable manipulation or a neighboring robotics mechanism.,"Prior work usually predicts, ranks, filters, or imitates observed behavior rather than preserving unrealized branches.",The observed outcome is enough to supervise the model.,"Contact mode support, embodiment limits, and deployment perturbations.","Branch collapse, hidden-mode shift, and tail-risk planning failures.",Generic world models and generic uncertainty are crowded.,Disappearing goal manipulation keeps action-critical alternatives explicit until a physical observation collapses them.
69,doi:10.1109/icara60736.2024.10552916,Extending Reward-based Hierarchical Task Network Planning to Partially Observable Environments,2024,"2024 10th International Conference on Automation, Robotics and Applications (ICARA)",https://doi.org/10.1109/icara60736.2024.10552916,Addresses partially observable manipulation or a neighboring robotics mechanism.,"Prior work usually predicts, ranks, filters, or imitates observed behavior rather than preserving unrealized branches.",The observed outcome is enough to supervise the model.,"Contact mode support, embodiment limits, and deployment perturbations.","Branch collapse, hidden-mode shift, and tail-risk planning failures.",Generic world models and generic uncertainty are crowded.,Disappearing goal manipulation keeps action-critical alternatives explicit until a physical observation collapses them.
70,doi:10.1145/3729343,VLATest: Testing and Evaluating Vision-Language-Action Models for Robotic Manipulation,2025,Proceedings of the ACM on Software Engineering,https://doi.org/10.1145/3729343,Addresses partially observable manipulation or a neighboring robotics mechanism.,"Prior work usually predicts, ranks, filters, or imitates observed behavior rather than preserving unrealized branches.",The observed outcome is enough to supervise the model.,"Contact mode support, embodiment limits, and deployment perturbations.","Branch collapse, hidden-mode shift, and tail-risk planning failures.",Generic world models and generic uncertainty are crowded.,Disappearing goal manipulation keeps action-critical alternatives explicit until a physical observation collapses them.
71,doi:10.15607/rss.2005.i.029,Robot Planning in Partially Observable Continuous Domains,2005,Robotics: Science and Systems I,https://doi.org/10.15607/rss.2005.i.029,Addresses partially observable manipulation or a neighboring robotics mechanism.,"Prior work usually predicts, ranks, filters, or imitates observed behavior rather than preserving unrealized branches.",The observed outcome is enough to supervise the model.,"Contact mode support, embodiment limits, and deployment perturbations.","Branch collapse, hidden-mode shift, and tail-risk planning failures.",Generic world models and generic uncertainty are crowded.,Disappearing goal manipulation keeps action-critical alternatives explicit until a physical observation collapses them.
72,doi:10.1109/robot.2010.5509770,HTN robot planning in partially observable dynamic environments,2010,2010 IEEE International Conference on Robotics and Automation,https://doi.org/10.1109/robot.2010.5509770,Addresses partially observable manipulation or a neighboring robotics mechanism.,"Prior work usually predicts, ranks, filters, or imitates observed behavior rather than preserving unrealized branches.",The observed outcome is enough to supervise the model.,"Contact mode support, embodiment limits, and deployment perturbations.","Branch collapse, hidden-mode shift, and tail-risk planning failures.",Generic world models and generic uncertainty are crowded.,Disappearing goal manipulation keeps action-critical alternatives explicit until a physical observation collapses them.
73,doi:10.5555/2906831.2906844,Initiative in Robot Assistance during Collaborative Task Execution,2016,Human-Robot Interaction,https://doi.org/10.5555/2906831.2906844,Addresses partially observable manipulation or a neighboring robotics mechanism.,"Prior work usually predicts, ranks, filters, or imitates observed behavior rather than preserving unrealized branches.",The observed outcome is enough to supervise the model.,"Contact mode support, embodiment limits, and deployment perturbations.","Branch collapse, hidden-mode shift, and tail-risk planning failures.",Generic world models and generic uncertainty are crowded.,Disappearing goal manipulation keeps action-critical alternatives explicit until a physical observation collapses them.
74,doi:10.1115/dscc2020-3271,Constrained Control of Input Delayed Systems With Partially Compensated Input Delays,2020,Volume 1: Adaptive/Intelligent Sys. Control; Driver Assistance/Autonomous Tech.; Control Design Methods; Nonlinear Control; Robotics; Assistive/Rehabilitation Devices; Biomedical/Neural Systems; Building Energy Systems; Connected Vehicle Systems; Control/Estimation of Energy Systems; Control Apps.; Smart Buildings/Microgrids; Education; Human-Robot Systems; Soft Mechatronics/Robotic Components/Systems; Energy/Power Systems; Energy Storage; Estimation/Identification; Vehicle Efficiency/Emissions,https://doi.org/10.1115/dscc2020-3271,Addresses partially observable manipulation or a neighboring robotics mechanism.,"Prior work usually predicts, ranks, filters, or imitates observed behavior rather than preserving unrealized branches.",The observed outcome is enough to supervise the model.,"Contact mode support, embodiment limits, and deployment perturbations.","Branch collapse, hidden-mode shift, and tail-risk planning failures.",Generic world models and generic uncertainty are crowded.,Disappearing goal manipulation keeps action-critical alternatives explicit until a physical observation collapses them.
75,doi:10.1109/icra.2014.6907335,Learning from demonstrations with partially observable task parameters,2014,2014 IEEE International Conference on Robotics and Automation (ICRA),https://doi.org/10.1109/icra.2014.6907335,Addresses partially observable manipulation or a neighboring robotics mechanism.,"Prior work usually predicts, ranks, filters, or imitates observed behavior rather than preserving unrealized branches.",The observed outcome is enough to supervise the model.,"Contact mode support, embodiment limits, and deployment perturbations.","Branch collapse, hidden-mode shift, and tail-risk planning failures.",Generic world models and generic uncertainty are crowded.,Disappearing goal manipulation keeps action-critical alternatives explicit until a physical observation collapses them.
76,arxiv:2606.10025v1,GHOST: Hierarchical Sub-Goal Policies for Generalizing Robot Manipulation,2026,arXiv,http://arxiv.org/abs/2606.10025v1,Addresses partially observable manipulation or a neighboring robotics mechanism.,"Prior work usually predicts, ranks, filters, or imitates observed behavior rather than preserving unrealized branches.",The observed outcome is enough to supervise the model.,"Contact mode support, embodiment limits, and deployment perturbations.","Branch collapse, hidden-mode shift, and tail-risk planning failures.",Generic world models and generic uncertainty are crowded.,Disappearing goal manipulation keeps action-critical alternatives explicit until a physical observation collapses them.
77,doi:10.3233/jifs-169337,Robot path planning algorithm based on partially observable Markov,2017,Journal of Intelligent & Fuzzy Systems,https://doi.org/10.3233/jifs-169337,Addresses partially observable manipulation or a neighboring robotics mechanism.,"Prior work usually predicts, ranks, filters, or imitates observed behavior rather than preserving unrealized branches.",The observed outcome is enough to supervise the model.,"Contact mode support, embodiment limits, and deployment perturbations.","Branch collapse, hidden-mode shift, and tail-risk planning failures.",Generic world models and generic uncertainty are crowded.,Disappearing goal manipulation keeps action-critical alternatives explicit until a physical observation collapses them.
78,doi:10.1167/16.12.19,Differential cortical responses to salience during perception and goal-directed action,2016,Journal of Vision,https://doi.org/10.1167/16.12.19,Addresses partially observable manipulation or a neighboring robotics mechanism.,"Prior work usually predicts, ranks, filters, or imitates observed behavior rather than preserving unrealized branches.",The observed outcome is enough to supervise the model.,"Contact mode support, embodiment limits, and deployment perturbations.","Branch collapse, hidden-mode shift, and tail-risk planning failures.",Generic world models and generic uncertainty are crowded.,Disappearing goal manipulation keeps action-critical alternatives explicit until a physical observation collapses them.
79,arxiv:2511.05397v1,EveryDayVLA: A Vision-Language-Action Model for Affordable Robotic Manipulation,2025,arXiv,http://arxiv.org/abs/2511.05397v1,Addresses partially observable manipulation or a neighboring robotics mechanism.,"Prior work usually predicts, ranks, filters, or imitates observed behavior rather than preserving unrealized branches.",The observed outcome is enough to supervise the model.,"Contact mode support, embodiment limits, and deployment perturbations.","Branch collapse, hidden-mode shift, and tail-risk planning failures.",Generic world models and generic uncertainty are crowded.,Disappearing goal manipulation keeps action-critical alternatives explicit until a physical observation collapses them.
80,doi:10.3389/fnhum.2022.984053,"Mapping relational links between motor imagery, action observation, action-related language, and action execution",2022,Frontiers in Human Neuroscience,https://doi.org/10.3389/fnhum.2022.984053,Addresses partially observable manipulation or a neighboring robotics mechanism.,"Prior work usually predicts, ranks, filters, or imitates observed behavior rather than preserving unrealized branches.",The observed outcome is enough to supervise the model.,"Contact mode support, embodiment limits, and deployment perturbations.","Branch collapse, hidden-mode shift, and tail-risk planning failures.",Generic world models and generic uncertainty are crowded.,Disappearing goal manipulation keeps action-critical alternatives explicit until a physical observation collapses them.
81,doi:10.1371/journal.pone.0060060,Modulations of EEG Beta Power during Planning and Execution of Grasping Movements,2013,PLoS ONE,https://doi.org/10.1371/journal.pone.0060060,Addresses partially observable manipulation or a neighboring robotics mechanism.,"Prior work usually predicts, ranks, filters, or imitates observed behavior rather than preserving unrealized branches.",The observed outcome is enough to supervise the model.,"Contact mode support, embodiment limits, and deployment perturbations.","Branch collapse, hidden-mode shift, and tail-risk planning failures.",Generic world models and generic uncertainty are crowded.,Disappearing goal manipulation keeps action-critical alternatives explicit until a physical observation collapses them.
82,doi:10.21203/rs.3.rs-2856026/v1,Model-free Motion Planning of Autonomous Agents for Complex Tasks in Partially Observable Environments,,,https://doi.org/10.21203/rs.3.rs-2856026/v1,Addresses partially observable manipulation or a neighboring robotics mechanism.,"Prior work usually predicts, ranks, filters, or imitates observed behavior rather than preserving unrealized branches.",The observed outcome is enough to supervise the model.,"Contact mode support, embodiment limits, and deployment perturbations.","Branch collapse, hidden-mode shift, and tail-risk planning failures.",Generic world models and generic uncertainty are crowded.,Disappearing goal manipulation keeps action-critical alternatives explicit until a physical observation collapses them.
83,title:learning hierarchical partially observable markov decision process models for robot navigation,Learning Hierarchical Partially Observable Markov Decision Process Models for Robot Navigation,2001,,https://openalex.org/W2148160361,Addresses partially observable manipulation or a neighboring robotics mechanism.,"Prior work usually predicts, ranks, filters, or imitates observed behavior rather than preserving unrealized branches.",The observed outcome is enough to supervise the model.,"Contact mode support, embodiment limits, and deployment perturbations.","Branch collapse, hidden-mode shift, and tail-risk planning failures.",Generic world models and generic uncertainty are crowded.,Disappearing goal manipulation keeps action-critical alternatives explicit until a physical observation collapses them.
84,doi:10.1609/aaai.v40i22.38919,MP1: MeanFlow Tames Policy Learning in 1-step for Robotic Manipulation,2026,Proceedings of the AAAI Conference on Artificial Intelligence,https://doi.org/10.1609/aaai.v40i22.38919,Addresses partially observable manipulation or a neighboring robotics mechanism.,"Prior work usually predicts, ranks, filters, or imitates observed behavior rather than preserving unrealized branches.",The observed outcome is enough to supervise the model.,"Contact mode support, embodiment limits, and deployment perturbations.","Branch collapse, hidden-mode shift, and tail-risk planning failures.",Generic world models and generic uncertainty are crowded.,Disappearing goal manipulation keeps action-critical alternatives explicit until a physical observation collapses them.
85,doi:10.3389/frobt.2026.1771992,A platform for investigating prompt framing as interface parameters in foundation models for robotics,2026,Frontiers in Robotics and AI,https://doi.org/10.3389/frobt.2026.1771992,Addresses partially observable manipulation or a neighboring robotics mechanism.,"Prior work usually predicts, ranks, filters, or imitates observed behavior rather than preserving unrealized branches.",The observed outcome is enough to supervise the model.,"Contact mode support, embodiment limits, and deployment perturbations.","Branch collapse, hidden-mode shift, and tail-risk planning failures.",Generic world models and generic uncertainty are crowded.,Disappearing goal manipulation keeps action-critical alternatives explicit until a physical observation collapses them.
86,doi:10.1177/0278364918774135,Simultaneous task allocation and planning for temporal logic goals in heterogeneous multi-robot systems,2018,The International Journal of Robotics Research,https://doi.org/10.1177/0278364918774135,Addresses partially observable manipulation or a neighboring robotics mechanism.,"Prior work usually predicts, ranks, filters, or imitates observed behavior rather than preserving unrealized branches.",The observed outcome is enough to supervise the model.,"Contact mode support, embodiment limits, and deployment perturbations.","Branch collapse, hidden-mode shift, and tail-risk planning failures.",Generic world models and generic uncertainty are crowded.,Disappearing goal manipulation keeps action-critical alternatives explicit until a physical observation collapses them.
87,doi:10.1109/icra48891.2023.10160545,Learning Neuro-symbolic Programs for Language Guided Robot Manipulation,2022,arXiv,http://arxiv.org/abs/2211.06652v2,Addresses partially observable manipulation or a neighboring robotics mechanism.,"Prior work usually predicts, ranks, filters, or imitates observed behavior rather than preserving unrealized branches.",The observed outcome is enough to supervise the model.,"Contact mode support, embodiment limits, and deployment perturbations.","Branch collapse, hidden-mode shift, and tail-risk planning failures.",Generic world models and generic uncertainty are crowded.,Disappearing goal manipulation keeps action-critical alternatives explicit until a physical observation collapses them.
88,doi:10.1080/01691864.2015.1070106,"Modeling, analysis and compensation of disturbances during task execution of a wheeled inverted pendulum type assistant robot using a unified controller",2015,Advanced Robotics,https://doi.org/10.1080/01691864.2015.1070106,Addresses partially observable manipulation or a neighboring robotics mechanism.,"Prior work usually predicts, ranks, filters, or imitates observed behavior rather than preserving unrealized branches.",The observed outcome is enough to supervise the model.,"Contact mode support, embodiment limits, and deployment perturbations.","Branch collapse, hidden-mode shift, and tail-risk planning failures.",Generic world models and generic uncertainty are crowded.,Disappearing goal manipulation keeps action-critical alternatives explicit until a physical observation collapses them.
89,arxiv:2401.17214v1,Multi-FLEX: An Automatic Task Sequence Execution Framework to Enable Reactive Motion Planning for Multi-Robot Applications,2024,arXiv,http://arxiv.org/abs/2401.17214v1,Addresses partially observable manipulation or a neighboring robotics mechanism.,"Prior work usually predicts, ranks, filters, or imitates observed behavior rather than preserving unrealized branches.",The observed outcome is enough to supervise the model.,"Contact mode support, embodiment limits, and deployment perturbations.","Branch collapse, hidden-mode shift, and tail-risk planning failures.",Generic world models and generic uncertainty are crowded.,Disappearing goal manipulation keeps action-critical alternatives explicit until a physical observation collapses them.
90,arxiv:2603.28545v1,ManipArena: Comprehensive Real-world Evaluation of Reasoning-Oriented Generalist Robot Manipulation,2026,arXiv,http://arxiv.org/abs/2603.28545v1,Addresses partially observable manipulation or a neighboring robotics mechanism.,"Prior work usually predicts, ranks, filters, or imitates observed behavior rather than preserving unrealized branches.",The observed outcome is enough to supervise the model.,"Contact mode support, embodiment limits, and deployment perturbations.","Branch collapse, hidden-mode shift, and tail-risk planning failures.",Generic world models and generic uncertainty are crowded.,Disappearing goal manipulation keeps action-critical alternatives explicit until a physical observation collapses them.
91,arxiv:2601.15197v7,LangForce: Bayesian Decomposition of Vision Language Action Models via Latent Action Queries,2026,arXiv,http://arxiv.org/abs/2601.15197v7,Addresses partially observable manipulation or a neighboring robotics mechanism.,"Prior work usually predicts, ranks, filters, or imitates observed behavior rather than preserving unrealized branches.",The observed outcome is enough to supervise the model.,"Contact mode support, embodiment limits, and deployment perturbations.","Branch collapse, hidden-mode shift, and tail-risk planning failures.",Generic world models and generic uncertainty are crowded.,Disappearing goal manipulation keeps action-critical alternatives explicit until a physical observation collapses them.
92,doi:10.3390/act10100268,Multi-Agent Distributed Deep Deterministic Policy Gradient for Partially Observable Tracking,2021,Actuators,https://doi.org/10.3390/act10100268,Addresses partially observable manipulation or a neighboring robotics mechanism.,"Prior work usually predicts, ranks, filters, or imitates observed behavior rather than preserving unrealized branches.",The observed outcome is enough to supervise the model.,"Contact mode support, embodiment limits, and deployment perturbations.","Branch collapse, hidden-mode shift, and tail-risk planning failures.",Generic world models and generic uncertainty are crowded.,Disappearing goal manipulation keeps action-critical alternatives explicit until a physical observation collapses them.
93,arxiv:2512.19178v1,Vision-Language-Policy Model for Dynamic Robot Task Planning,2025,arXiv,http://arxiv.org/abs/2512.19178v1,Addresses partially observable manipulation or a neighboring robotics mechanism.,"Prior work usually predicts, ranks, filters, or imitates observed behavior rather than preserving unrealized branches.",The observed outcome is enough to supervise the model.,"Contact mode support, embodiment limits, and deployment perturbations.","Branch collapse, hidden-mode shift, and tail-risk planning failures.",Generic world models and generic uncertainty are crowded.,Disappearing goal manipulation keeps action-critical alternatives explicit until a physical observation collapses them.
94,doi:10.48550/arxiv.2101.04882,Asymmetric self-play for automatic goal discovery in robotic manipulation,2021,arXiv (Cornell University),https://doi.org/10.48550/arxiv.2101.04882,Addresses partially observable manipulation or a neighboring robotics mechanism.,"Prior work usually predicts, ranks, filters, or imitates observed behavior rather than preserving unrealized branches.",The observed outcome is enough to supervise the model.,"Contact mode support, embodiment limits, and deployment perturbations.","Branch collapse, hidden-mode shift, and tail-risk planning failures.",Generic world models and generic uncertainty are crowded.,Disappearing goal manipulation keeps action-critical alternatives explicit until a physical observation collapses them.
95,doi:10.4236/jmf.2015.51001,Optimal Execution in Illiquid Market with the Absence of Price Manipulation,2015,Journal of Mathematical Finance,https://doi.org/10.4236/jmf.2015.51001,Addresses partially observable manipulation or a neighboring robotics mechanism.,"Prior work usually predicts, ranks, filters, or imitates observed behavior rather than preserving unrealized branches.",The observed outcome is enough to supervise the model.,"Contact mode support, embodiment limits, and deployment perturbations.","Branch collapse, hidden-mode shift, and tail-risk planning failures.",Generic world models and generic uncertainty are crowded.,Disappearing goal manipulation keeps action-critical alternatives explicit until a physical observation collapses them.
96,doi:10.1109/icra48891.2023.10160678,Probabilistic Planning with Partially Ordered Preferences over Temporal Goals,2023,2023 IEEE International Conference on Robotics and Automation (ICRA),https://doi.org/10.1109/icra48891.2023.10160678,Addresses partially observable manipulation or a neighboring robotics mechanism.,"Prior work usually predicts, ranks, filters, or imitates observed behavior rather than preserving unrealized branches.",The observed outcome is enough to supervise the model.,"Contact mode support, embodiment limits, and deployment perturbations.","Branch collapse, hidden-mode shift, and tail-risk planning failures.",Generic world models and generic uncertainty are crowded.,Disappearing goal manipulation keeps action-critical alternatives explicit until a physical observation collapses them.
97,doi:10.1142/s0129065721500283,A Neurorobotic Embodiment for Exploring the Dynamical Interactions of a Spiking Cerebellar Model and a Robot Arm During Vision-Based Manipulation Tasks,2022,International Journal of Neural Systems,https://doi.org/10.1142/s0129065721500283,Addresses partially observable manipulation or a neighboring robotics mechanism.,"Prior work usually predicts, ranks, filters, or imitates observed behavior rather than preserving unrealized branches.",The observed outcome is enough to supervise the model.,"Contact mode support, embodiment limits, and deployment perturbations.","Branch collapse, hidden-mode shift, and tail-risk planning failures.",Generic world models and generic uncertainty are crowded.,Disappearing goal manipulation keeps action-critical alternatives explicit until a physical observation collapses them.
98,doi:10.1038/s42256-025-01045-3,"A process-centric manipulation taxonomy for the organization, classification and synthesis of tactile robot skills",2025,Nature Machine Intelligence,https://doi.org/10.1038/s42256-025-01045-3,Addresses partially observable manipulation or a neighboring robotics mechanism.,"Prior work usually predicts, ranks, filters, or imitates observed behavior rather than preserving unrealized branches.",The observed outcome is enough to supervise the model.,"Contact mode support, embodiment limits, and deployment perturbations.","Branch collapse, hidden-mode shift, and tail-risk planning failures.",Generic world models and generic uncertainty are crowded.,Disappearing goal manipulation keeps action-critical alternatives explicit until a physical observation collapses them.
99,doi:10.1155/2021/5519033,Reinforcement Learning-Based Autonomous Navigation and Obstacle Avoidance for USVs under Partially Observable Conditions,2021,Mathematical Problems in Engineering,https://doi.org/10.1155/2021/5519033,Addresses partially observable manipulation or a neighboring robotics mechanism.,"Prior work usually predicts, ranks, filters, or imitates observed behavior rather than preserving unrealized branches.",The observed outcome is enough to supervise the model.,"Contact mode support, embodiment limits, and deployment perturbations.","Branch collapse, hidden-mode shift, and tail-risk planning failures.",Generic world models and generic uncertainty are crowded.,Disappearing goal manipulation keeps action-critical alternatives explicit until a physical observation collapses them.
100,doi:10.3390/drones10060412,Vision–Language–Action (VLA) Models for Unmanned Aerial Robotics and Bimanual Manipulation: A Review,2026,Drones,https://doi.org/10.3390/drones10060412,Addresses partially observable manipulation or a neighboring robotics mechanism.,"Prior work usually predicts, ranks, filters, or imitates observed behavior rather than preserving unrealized branches.",The observed outcome is enough to supervise the model.,"Contact mode support, embodiment limits, and deployment perturbations.","Branch collapse, hidden-mode shift, and tail-risk planning failures.",Generic world models and generic uncertainty are crowded.,Disappearing goal manipulation keeps action-critical alternatives explicit until a physical observation collapses them.
